run,model,k_shot,seed,blind,n_patients,prevalence,auroc,auroc_ci_lower,auroc_ci_upper,pr_auc,f1_positive,sensitivity,specificity,brier,ece
protonet_temp_k5_seed42,protonet_temp,5,42,anx_meds,2278,0.5939420544337137,0.497811470006592,0.474642857368317,0.5200841740381821,0.6134920131004196,0.7449035812672177,0.9992609016999261,0.0,0.25001074902052844,0.09396977843812127
tcwpn_full_k5_seed42,tcwpn_full,5,42,anx_meds,2278,0.5939420544337137,0.6291316593755618,0.6051185640793133,0.652384868943551,0.6932629574864129,0.7446927374301676,0.9852180339985218,0.03351351351351351,0.2381659099980084,0.09097094445189265
protonet_temp_k5_seed42,protonet_temp,5,42,anxiety,2278,0.5939420544337137,0.49919777870997384,0.47631359416864305,0.5213589780999811,0.614909603264967,0.7449035812672177,0.9992609016999261,0.0,0.25000897230680047,0.09396788652333249
tcwpn_full_k5_seed42,tcwpn_full,5,42,anxiety,2278,0.5939420544337137,0.6283590020175386,0.6044850703076986,0.6519369947620705,0.6925870315390299,0.745043283998883,0.9859571322985957,0.03351351351351351,0.23829040957335038,0.08961491649662423
pcw_only_k5_seed42,pcw_only,5,42,none,2278,0.5939420544337137,0.5025792533109606,0.4792334502318986,0.526362849017631,0.618024137934075,0.7452492426328835,1.0,0.0,0.24999963681284124,0.09396534661800854
protonet_k5_seed42,protonet,5,42,none,2278,0.5939420544337137,0.5222772217894169,0.4979148813293281,0.5442548929792533,0.6258759445261528,0.7452492426328835,1.0,0.0,0.24999664513313596,0.09394314224835312
protonet_temp_k5_seed42,protonet_temp,5,42,none,2278,0.5939420544337137,0.49851820778650047,0.47546490703387645,0.521017908816855,0.614371016266158,0.7449035812672177,0.9992609016999261,0.0,0.2500092597010544,0.09396713192146497
tcwpn_full_k5_seed42,tcwpn_full,5,42,none,2278,0.5939420544337137,0.7378861788617885,0.718370101332392,0.7582234793387788,0.7922669477924194,0.7647960748236737,0.9216555801921655,0.28540540540540543,0.20896767912483935,0.08485413648134008
temporal_only_k5_seed42,temporal_only,5,42,none,2278,0.5939420544337137,0.5099946065799724,0.485649900867816,0.5337659848697874,0.6092450874204461,0.7435826662986476,0.9955654101995566,0.002162162162162162,0.24997798920737027,0.09396795705680366
