run,condition,auroc,ci_low,ci_high,pr_auc,ece
pcw_only_k5_seed42,original,0.5025792533109606,0.4792334502318986,0.526362849017631,0.618024137934075,0.09396534661800854
protonet_k5_seed42,original,0.5222772217894169,0.4979148813293281,0.5442548929792533,0.6258759445261528,0.09394314224835312
protonet_temp_k5_seed42,original,0.49851820778650047,0.47546490703387645,0.521017908816855,0.614371016266158,0.09396713192146497
protonet_temp_k5_seed42,anxiety-blind,0.49919777870997384,0.47631359416864305,0.5213589780999811,0.614909603264967,0.09396788652333249
protonet_temp_k5_seed42,anxiety+med-blind,0.497811470006592,0.474642857368317,0.5200841740381821,0.6134920131004196,0.09396977843812127
tcwpn_full_k5_seed42,original,0.7378861788617885,0.718370101332392,0.7582234793387788,0.7922669477924194,0.08485413648134008
tcwpn_full_k5_seed42,anxiety-blind,0.6283590020175386,0.6044850703076986,0.6519369947620705,0.6925870315390299,0.08961491649662423
tcwpn_full_k5_seed42,anxiety+med-blind,0.6291316593755618,0.6051185640793133,0.652384868943551,0.6932629574864129,0.09097094445189265
temporal_only_k5_seed42,original,0.5099946065799724,0.485649900867816,0.5337659848697874,0.6092450874204461,0.09396795705680366
